locus,he,fst,meanAlleleFreq,qvals,pv,outlier
75_48,0.175775623268698,0.112386166368065,0.902631578947368,0.000686981405023639,1.15105926905557e-05,TRUE
1345_80,0.382460973370064,0.0795290344700728,0.257575757575758,0.0137030947008655,0.000502932731042405,TRUE
1407_49,0.363894139886578,0.0701563254618294,0.239130434782609,0.0301189685299323,0.00148992769855516,TRUE
2349_51,0.0377218934911243,0.13374533759742,0.980769230769231,9.18794519308515e-05,8.06388806839919e-07,TRUE
2947_63,0.123099573342948,0.0729090097232338,0.0658914728682171,0.0276788982703783,0.0013471378679466,TRUE
2985_78,0.444006138012276,0.077721764078285,0.332677165354331,0.0180469032422022,0.000676758871582583,TRUE
3226_52,0.312481221080464,0.227049605146266,0.193798449612403,6.26870802180848e-09,1.50048862224139e-11,TRUE
3855_78,0.0753556324490581,0.087385014560112,0.96078431372549,0.00467763824479768,0.000145554168787587,TRUE
4556_80,0.0933160101318893,0.0763750814165318,0.0490654205607477,0.0185888635515883,0.000711913923252316,TRUE
4599_66,0.169060614765872,0.172931347351562,0.0932203389830508,2.21599992112856e-06,1.23765953041755e-08,TRUE
4715_87,0.125622657226156,0.0983380354572669,0.93265306122449,0.00248643312171439,7.34026799229515e-05,TRUE
4734_49,0.455586312956555,0.124737664520199,0.350980392156863,0.000267714681995812,2.77682781857358e-06,TRUE
4856_76,0.227337278106509,0.0887096388284545,0.869230769230769,0.00673907182907921,0.000225830598527654,TRUE
5273_82,0.0702996923870396,0.0725812084912348,0.036480686695279,0.025692449540034,0.00118895910105477,TRUE
5707_76,0.499029672611539,0.152483941236867,0.477973568281938,1.34643793381351e-05,8.59428468391599e-08,TRUE
6432_60,0.232302201070791,0.175449453875442,0.865853658536585,1.83176289445284e-06,8.76907768621038e-09,TRUE
6441_39,0.438821995292046,0.121304672981277,0.674897119341564,0.000291886801960178,3.36422686442184e-06,TRUE
7000_73,0.492316098627143,0.104142943369103,0.56198347107438,0.00149381090714584,2.87333926829447e-05,TRUE
7241_88,0.212766124968506,0.102356687797708,0.878968253968254,0.00169206207184678,4.05014857622898e-05,TRUE
7509_89,0.392072597697549,0.107722249214682,0.267699115044248,0.00101233597673144,1.85774421261886e-05,TRUE
8586_81,0.104483000276073,0.0993205243231634,0.944700460829493,0.00199346261256919,5.56685038084481e-05,TRUE
8671_85,0.499872,0.0993874440160485,0.492,0.00189740165637151,4.99581819097816e-05,TRUE
9211_65,0.20414201183432,0.0760549173388576,0.884615384615385,0.019373125601969,0.000772864053270039,TRUE
9452_90,0.499377162629758,0.100585589117595,0.517647058823529,0.00189740165637151,4.86832706714235e-05,TRUE
10012_73,0.420923957603494,0.114207655222718,0.301158301158301,0.000626245615889865,9.9932811046255e-06,TRUE
10706_34,0.389059495237101,0.0765573815722645,0.264478764478765,0.019373125601969,0.000764643361709894,TRUE
10913_90,0.150872583974479,0.154058842387311,0.0821917808219178,1.44537719103676e-05,1.03790383398916e-07,TRUE
11741_72,0.235791420118343,0.138596282208537,0.136538461538462,8.023610051211e-05,6.40181653022154e-07,TRUE
11990_79,0.158187946693299,0.124052101469613,0.0865921787709497,0.000267714681995812,2.69822234666428e-06,TRUE
12233_73,0.138932380408554,0.117373059438792,0.924892703862661,0.000578311720965222,7.92509155611576e-06,TRUE
12711_44,0.186788257226927,0.11092108551466,0.104265402843602,0.000626245615889865,9.56197773960277e-06,TRUE
12779_65,0.135911111111111,0.0975534115309996,0.0733333333333333,0.00199346261256919,5.41369771349665e-05,TRUE
13286_89,0.208968118311534,0.117623476490145,0.881465517241379,0.000578311720965222,8.3055406734367e-06,TRUE
13406_30,0.383601568532453,0.0735575239920112,0.74124513618677,0.0220287367095799,0.000976901079804415,TRUE
13411_68,0.254194741709605,0.180518308992175,0.149425287356322,1.06680922466277e-06,4.25588786434616e-09,TRUE
13693_54,0.0340323457206573,0.0639148892564905,0.982683982683983,0.0407868950998031,0.00205019233347414,TRUE
13724_29,0.118106065955794,0.107408716404152,0.0630252100840336,0.000849418734563258,1.49100097024402e-05,TRUE
13911_47,0.0911151301481194,0.0705714696636889,0.0478468899521531,0.0272921186915218,0.00130653759693455,TRUE
14011_86,0.42,0.0737758293465128,0.7,0.0220287367095799,0.000984262704045058,TRUE
14236_41,0.473958781701417,0.103242562953488,0.385892116182573,0.00153563751312475,3.43067955059784e-05,TRUE
14344_32,0.441376856576178,0.105152559402997,0.328793774319066,0.00149381090714584,2.9796760115941e-05,TRUE
14514_84,0.258234287969826,0.228481814085814,0.152317880794702,6.26870802180848e-09,1.47934997585253e-11,TRUE
14554_78,0.479192,0.0865540707746889,0.398,0.00636474051031688,0.000208208266693877,TRUE
14754_90,0.0600281932806015,0.0662323079153556,0.969026548672566,0.0446813864248105,0.00228160271105415,TRUE
15274_32,0.489464099895942,0.073387504915737,0.42741935483871,0.0251774277909931,0.00114503727453719,TRUE
15568_62,0.370454914373833,0.0733898001260765,0.754504504504504,0.0218531808059601,0.000910155493439424,TRUE
16036_81,0.109085872576177,0.069909583044723,0.0578947368421053,0.0265667830838845,0.00125061718240627,TRUE
16650_83,0.498242434657626,0.103977871712358,0.470355731225296,0.00153563751312475,3.31154916370924e-05,TRUE
16752_43,0.371093984736494,0.103089566407121,0.753875968992248,0.00153563751312475,3.23686525109945e-05,TRUE
16834_34,0.454050158100316,0.0838246935162862,0.348425196850394,0.00903152205835495,0.000317064072261397,TRUE
17440_74,0.4559326171875,0.0888857798394087,0.6484375,0.00527718455948323,0.000168420783813295,TRUE
18276_79,0.265360530721062,0.0763154304531478,0.84251968503937,0.0218531808059601,0.000941546619831257,TRUE
18478_77,0.437716262975778,0.0988544139276159,0.323529411764706,0.00210469326645327,6.04539555257855e-05,TRUE
18633_51,0.0885185778632342,0.102112648476129,0.0464135021097046,0.00179301520037983,4.43485142647138e-05,TRUE
19081_57,0.460584319526627,0.0826956314039024,0.640384615384615,0.0103228899638871,0.000370635676894882,TRUE
20078_54,0.143832,0.100705833810904,0.078,0.00169206207184678,3.96722172264496e-05,TRUE
20705_78,0.173333512309055,0.240106604624153,0.0958549222797927,4.30161980110218e-09,3.43214345832621e-12,TRUE
21148_90,0.142540815652059,0.124972136750682,0.922764227642276,0.000291886801960178,3.49332608728936e-06,TRUE
22145_87,0.235008,0.0731948028437636,0.864,0.0218531808059601,0.000938992926049931,TRUE
22276_47,0.186631944444444,0.0766190732106825,0.104166666666667,0.0202993002499492,0.000826008760170804,TRUE
22637_61,0.28007463287605,0.117362695842051,0.83160621761658,0.000578311720965222,7.88695659470484e-06,TRUE
22918_71,0.353848568973494,0.0865790634819888,0.770325203252033,0.00689781178610534,0.000236653649044571,TRUE
24940_51,0.267865724721261,0.199568937464684,0.159313725490196,1.66378441394481e-07,5.30995025727066e-10,TRUE
25323_87,0.450399900799802,0.0951513794705817,0.34251968503937,0.00304026575820983,9.21782703287022e-05,TRUE
