locus,prob,log10(PO),qval,alpha,fst,log10q,outlier
5_36,1,1000,0,1.7071,0.47859,-Inf,True
54_91,1,1000,0,2.8234,0.71386,-Inf,True
67_28,0.67443,0.3163,0.045984,-1.2076,0.076859,-1.33739325354587,True
88_61,0.9642,1.4303,0.0032918,-1.7978,0.03877,-2.48256655910223,True
92_41,1,1000,0,1.9051,0.52265,-Inf,True
93_56,1,1000,0,1.2812,0.3862,-Inf,True
117_62,1,1000,0,2.7756,0.70494,-Inf,True
126_78,0.9979,2.6768,0.00010112,-2.2432,0.02469,-3.99516293906169,True
167_47,0.71829,0.40649,0.037345,-1.2663,0.071249,-1.42776753622525,True
169_76,0.992,2.0934,0.00056001,-2.3827,0.023679,-3.25180421780444,True
198_50,1,1000,0,2.3774,0.62556,-Inf,True
220_76,1,1000,0,1.8917,0.51973,-Inf,True
221_37,0.9981,2.7204,9.3673e-05,-2.1574,0.026357,-4.02838557069999,True
236_29,0.9716,1.5341,0.0023956,1.0614,0.34232,-2.62058569558783,True
240_71,1,1000,0,1.3952,0.41064,-Inf,True
256_50,1,1000,0,2.2144,0.59061,-Inf,True
287_55,1,1000,0,1.4138,0.41425,-Inf,True
315_48,0.9677,1.4765,0.0029324,1.0761,0.34541,-2.53277678916595,True
331_54,0.957,1.3474,0.0042383,-1.6782,0.042154,-2.37280830582877,True
348_68,1,1000,0,2.5812,0.66742,-Inf,True
364_48,1,1000,0,2.2675,0.60202,-Inf,True
367_29,1,1000,0,2.2761,0.6039,-Inf,True
373_59,0.9984,2.7952,8.3899e-05,-2.0647,0.028316,-4.07624321553685,True
381_80,1,1000,0,1.7182,0.48116,-Inf,True
419_59,1,1000,0,1.5812,0.45092,-Inf,True
422_68,0.88884,0.90289,0.011016,-1.7331,0.047068,-1.95797607275113,True
440_43,1,1000,0,1.1092,0.34945,-Inf,True
490_42,1,1000,0,2.2231,0.59272,-Inf,True
494_59,0.94115,1.2039,0.0055448,-1.9534,0.037784,-2.25611411416096,True
514_78,1,1000,0,1.4125,0.41374,-Inf,True
522_56,1,1000,0,1.0992,0.34725,-Inf,True
534_53,0.9937,2.1979,0.00041323,-2.0069,0.030629,-3.38380815675187,True
613_30,0.9995,3.3008,2.6291e-05,-2.6277,0.017478,-4.5801928948285,True
616_42,1,1000,0,1.8161,0.50287,-Inf,True
617_66,1,1000,0,2.147,0.57633,-Inf,True
669_43,1,1000,0,1.982,0.53935,-Inf,True
700_40,0.65423,0.27695,0.049887,-0.99173,0.08408,-1.30201261196821,True
735_70,1,1000,0,3.4666,0.81641,-Inf,True
765_32,1,1000,0,1.8322,0.50645,-Inf,True
769_63,0.975,1.591,0.0019499,-1.8529,0.036251,-2.70998766072046,True
786_29,0.70834,0.38536,0.040048,-1.3624,0.069882,-1.39741916773585,True
815_86,1,1000,0,1.6198,0.4594,-Inf,True
941_65,0.9118,1.0144,0.0082181,0.9899,0.32979,-2.08522857843263,True
964_90,1,1000,0,1.9007,0.52177,-Inf,True
986_29,0.95075,1.2856,0.0048201,-1.9953,0.035856,-2.31694395159566,True
1020_35,1,1000,0,1.6787,0.4722,-Inf,True
1054_84,1,1000,0,2.0259,0.54945,-Inf,True
1082_35,0.75524,0.48934,0.03227,-1.5054,0.06301,-1.4912010345961,True
1104_88,0.93905,1.1877,0.0059192,-1.8768,0.039429,-2.22773698568637,True
1126_73,0.70974,0.3883,0.039776,-1.4039,0.068978,-1.40037889303845,True
1159_43,0.81784,0.65222,0.020173,-1.5618,0.0565,-1.69522951147674,True
1176_29,1,1000,0,1.7199,0.48151,-Inf,True
1190_32,1,1000,0,2.1057,0.56705,-Inf,True
1193_50,0.99975,3.6019,1.1856e-05,-2.2678,0.023744,-4.92606180936475,True
1306_48,0.99995,4.301,2.7414e-06,1.2845,0.38726,-5.56202759156065,True
1354_69,0.83439,0.70229,0.017352,-1.5956,0.0547,-1.76065046099386,True
1393_44,1,1000,0,1.8277,0.50542,-Inf,True
1441_81,0.91585,1.0367,0.007798,-1.6378,0.046381,-2.10801676914803,True
1565_85,0.9967,2.48,0.00014983,1.4209,0.41669,-3.82440122048162,True
1571_90,1,1000,0,2.458,0.64237,-Inf,True
1629_82,0.9783,1.654,0.0017151,-1.6565,0.041234,-2.76571055306606,True
1821_80,0.99985,3.8238,6.8569e-06,1.1249,0.3529,-5.16387218417395,True
1881_78,1,1000,0,3.3755,0.80407,-Inf,True
1911_85,1,1000,0,1.4108,0.4138,-Inf,True
1933_85,1,1000,0,1.4745,0.42728,-Inf,True
1939_44,0.999,2.9995,4.9522e-05,1.2349,0.37629,-4.30520182417727,True
1975_66,1,1000,0,1.2735,0.38369,-Inf,True
2029_74,1,1000,0,1.686,0.47393,-Inf,True
2058_72,0.70689,0.38231,0.040866,-1.2856,0.072335,-1.38863786933375,True
2069_41,0.99995,4.301,2.7414e-06,1.3038,0.39078,-5.56202759156065,True
2118_67,0.995,2.2988,0.00032122,-1.7919,0.035826,-3.4931974222376,True
2135_88,0.89659,0.93805,0.010395,0.80995,0.29262,-1.98317550633251,True
2196_52,1,1000,0,2.4038,0.63111,-Inf,True
2204_63,0.9866,1.867,0.00094279,-1.8359,0.03553,-3.02558503260492,True
2227_90,1,1000,0,1.8533,0.51115,-Inf,True
2319_62,1,1000,0,1.5167,0.4367,-Inf,True
2327_69,0.9852,1.8232,0.0010918,-2.1975,0.02725,-2.96185691003006,True
2334_75,0.97185,1.5381,0.0023566,1.1668,0.36351,-2.62771412665472,True
2370_29,0.99195,2.0907,0.00057256,1.187,0.36724,-3.24217899579411,True
2390_55,0.82244,0.66576,0.019028,0.86424,0.3073,-1.72060685725214,True
2408_39,1,1000,0,1.9177,0.5253,-Inf,True
2425_39,1,1000,0,1.8366,0.50744,-Inf,True
2446_50,1,1000,0,2.384,0.62706,-Inf,True
2506_41,0.9618,1.401,0.0038217,-1.6216,0.043558,-2.41774340766777,True
2522_52,0.99975,3.6019,1.1856e-05,1.2908,0.38849,-4.92606180936475,True
2539_46,0.9961,2.4072,0.0001938,-2.0034,0.030247,-3.71264622728525,True
2604_80,0.9178,1.0479,0.0075969,-1.4784,0.050926,-2.11936359029099,True
2647_80,1,1000,0,1.489,0.43056,-Inf,True
2672_52,0.92775,1.1086,0.0068207,-1.7383,0.04313,-2.16617105195101,True
2733_71,0.87559,0.84746,0.012479,-1.6104,0.05025,-1.9038202152852,True
2735_76,1,1000,0,2.7848,0.70673,-Inf,True
2742_74,0.9733,1.5617,0.0021662,1.2666,0.38475,-2.66430144850178,True
2769_78,0.69718,0.36217,0.042248,-1.3651,0.070902,-1.37419384551956,True
2794_88,0.71389,0.39709,0.03842,-1.2977,0.071571,-1.41544263947433,True
2826_51,0.9998,3.6989,8.8731e-06,1.0469,0.33679,-5.05192462394669,True
2844_90,0.9888,1.9459,0.00077827,-2.1146,0.028552,-3.10886970999266,True
2874_78,1,1000,0,1.8875,0.51852,-Inf,True
2934_73,0.9936,2.191,0.00044379,-2.1084,0.028083,-3.35282248802954,True
2967_65,0.9576,1.3538,0.0041835,1.082,0.34672,-2.37846022667827,True
2974_48,1,1000,0,2.3369,0.61705,-Inf,True
2990_79,1,1000,0,2.1935,0.58646,-Inf,True
2997_63,1,1000,0,1.8914,0.51961,-Inf,True
3000_77,0.99515,2.3121,0.00029694,-1.7586,0.036655,-3.5273312958052,True
3015_76,1,1000,0,2.3988,0.62989,-Inf,True
3019_82,0.9704,1.5156,0.0025564,0.83376,0.29529,-2.59237119112348,True
3066_87,0.979,1.6685,0.0015927,1.121,0.35414,-2.79786601993918,True
3076_54,1,1000,0,1.9141,0.52474,-Inf,True
3096_79,1,1000,0,2.3749,0.62489,-Inf,True
3161_65,0.9676,1.4751,0.0029756,1.081,0.34639,-2.52642544996366,True
3186_73,1,1000,0,1.8439,0.50909,-Inf,True
3195_89,1,1000,0,1.6161,0.45823,-Inf,True
3196_76,0.89964,0.95253,0.0096814,-1.7495,0.045004,-2.0140618360479,True
3266_37,0.94965,1.2755,0.0049455,-1.6654,0.043322,-2.30578979380117,True
3297_90,0.71539,0.40028,0.038151,-1.261,0.072417,-1.41849407399245,True
3308_52,0.84294,0.72974,0.016295,-1.5947,0.054108,-1.78794563519884,True
3331_30,0.9444,1.2301,0.0054717,0.87506,0.30417,-2.26187772194514,True
3341_58,1,1000,0,1.5742,0.44924,-Inf,True
3342_57,1,1000,0,1.8392,0.50798,-Inf,True
3351_82,0.98835,1.9286,0.00084801,1.1077,0.35072,-3.07159902637629,True
3381_62,0.66028,0.28861,0.048961,-1.2719,0.075966,-1.31014972055925,True
3396_46,1,1000,0,1.5921,0.45333,-Inf,True
3428_39,0.74554,0.46685,0.03348,-1.3243,0.068196,-1.47521455067878,True
3460_56,1,1000,0,1.6471,0.46516,-Inf,True
3499_78,1,1000,0,1.3242,0.39493,-Inf,True
3523_34,1,1000,0,2.8693,0.72223,-Inf,True
3651_86,1,1000,0,1.3473,0.40059,-Inf,True
3680_38,1,1000,0,2.2964,0.60842,-Inf,True
3708_57,1,1000,0,2.8002,0.70961,-Inf,True
3753_32,1,1000,0,1.3401,0.39817,-Inf,True
3754_66,0.69313,0.35387,0.043649,-1.2082,0.075291,-1.36002570154505,True
3756_59,1,1000,0,1.5006,0.43334,-Inf,True
3776_57,1,1000,0,1.6797,0.47242,-Inf,True
3780_33,0.9999,3.9999,5.6386e-06,1.0347,0.33421,-5.24882871299355,True
3814_63,0.9722,1.5437,0.002318,1.0901,0.34801,-2.63488656837242,True
3822_64,0.99855,2.838,7.5428e-05,1.2301,0.37589,-4.12246740760262,True
3827_41,1,1000,0,1.3394,0.39784,-Inf,True
3828_44,0.9629,1.4142,0.0036261,-1.9303,0.035042,-2.4405602231723,True
3875_79,1,1000,0,3.1436,0.76874,-Inf,True
3886_59,0.66523,0.29823,0.048657,-1.3151,0.074401,-1.31285467147611,True
3887_73,1,1000,0,1.181,0.36446,-Inf,True
3929_43,0.97925,1.6739,0.0015626,-2.0156,0.031674,-2.80615218002644,True
3940_64,1,1000,0,1.3306,0.39577,-Inf,True
3972_48,1,1000,0,1.646,0.46517,-Inf,True
4003_46,0.98595,1.8462,0.0010053,-2.2614,0.02646,-2.99770431744507,True
4010_57,1,1000,0,1.2147,0.3716,-Inf,True
4062_70,1,1000,0,1.881,0.51738,-Inf,True
4090_90,0.95435,1.3202,0.0044639,1.0437,0.33931,-2.35028554299849,True
4092_64,1,1000,0,1.495,0.43212,-Inf,True
4133_67,1,1000,0,1.9184,0.52558,-Inf,True
4159_38,0.65453,0.27752,0.049578,-1.1733,0.079168,-1.30471099685991,True
4176_76,0.99975,3.6019,1.1856e-05,-2.4562,0.019915,-4.92606180936475,True
4188_69,1,1000,0,2.2771,0.60405,-Inf,True
4301_62,0.9295,1.12,0.0067329,-1.5737,0.047193,-2.17179783581732,True
4317_34,0.99385,2.2084,0.00040311,1.1503,0.35974,-3.39457642811599,True
4365_60,1,1000,0,2.8775,0.72379,-Inf,True
4373_68,0.76959,0.52375,0.028501,0.67964,0.27065,-1.54513990185595,True
4381_87,0.87774,0.8561,0.012338,0.94078,0.32073,-1.90875523409204,True
4402_81,1,1000,0,2.1234,0.57086,-Inf,True
4539_57,1,1000,0,2.9273,0.73285,-Inf,True
4541_45,1,1000,0,1.162,0.3602,-Inf,True
4575_53,0.89319,0.92235,0.01064,-1.461,0.053327,-1.97305837204097,True
4620_80,1,1000,0,2.2153,0.59091,-Inf,True
4660_88,1,1000,0,1.4116,0.41417,-Inf,True
4671_56,1,1000,0,1.2226,0.37295,-Inf,True
4720_40,0.94865,1.2665,0.0050736,-1.5177,0.04774,-2.29468377531699,True
4747_79,1,1000,0,2.4915,0.64891,-Inf,True
4754_67,0.9503,1.2815,0.0048825,-1.65,0.043726,-2.31135774804011,True
4759_37,0.99525,2.3212,0.000281,-2.1492,0.02708,-3.55129368009492,True
4799_75,0.98805,1.9174,0.00086603,-1.7173,0.038684,-3.06246706339976,True
4818_29,0.68753,0.34249,0.044219,0.8399,0.3066,-1.35439108309138,True
4824_74,0.96415,1.4296,0.0033389,-1.9825,0.03457,-2.47639658786343,True
4834_53,1,1000,0,3.4333,0.81247,-Inf,True
4836_32,1,1000,0,1.6903,0.47494,-Inf,True
4849_91,0.84584,0.73932,0.015782,0.89831,0.31313,-1.80183796095392,True
4852_54,0.71914,0.40831,0.037077,-1.3014,0.070996,-1.43089541304303,True
4893_83,1,1000,0,1.9932,0.5422,-Inf,True
4905_55,1,1000,0,2.8276,0.71461,-Inf,True
4911_32,0.67168,0.31087,0.047169,-1.0067,0.082502,-1.32634333085808,True
4958_56,1,1000,0,1.5751,0.44956,-Inf,True
4989_29,0.993,2.1518,0.00048782,-2.1572,0.027079,-3.31174039813549,True
4998_74,0.986,1.8477,0.00098437,-1.7618,0.037551,-3.00684163047613,True
5002_78,0.9693,1.4993,0.0026787,-1.5202,0.046317,-2.57207592231568,True
5003_86,0.85019,0.75398,0.015108,-1.6083,0.05328,-1.82079302384451,True
5011_29,1,1000,0,2.0391,0.55229,-Inf,True
5042_45,0.99365,2.1944,0.00042339,1.1561,0.36086,-3.37325940374718,True
5052_78,1,1000,0,1.4925,0.43159,-Inf,True
5071_32,0.99595,2.3908,0.00020763,-2.0211,0.029937,-3.68270989603958,True
5077_65,0.99995,4.301,2.7414e-06,1.3181,0.39418,-5.56202759156065,True
5079_75,0.9979,2.6768,0.00010112,-2.151,0.026661,-3.99516293906169,True
5137_30,0.83984,0.71965,0.016818,-1.7562,0.050514,-1.77422565185607,True
5155_62,0.99985,3.8238,6.8569e-06,1.2721,0.38437,-5.16387218417395,True
5171_50,0.97805,1.6489,0.0017462,1.1228,0.35456,-2.75790601611612,True
5201_78,0.9746,1.584,0.0020558,-1.8332,0.03661,-2.68701913827662,True
5208_78,0.74394,0.46319,0.033727,-1.2661,0.069882,-1.4720222873726,True
5333_31,1,1000,0,2.0537,0.55568,-Inf,True
5336_88,1,1000,0,2.3475,0.61928,-Inf,True
5464_49,1,1000,0,1.5482,0.4432,-Inf,True
5476_35,1,1000,0,1.8706,0.51482,-Inf,True
5516_56,1,1000,0,1.226,0.37453,-Inf,True
5524_53,0.99905,3.0218,4.769e-05,0.98231,0.32382,-4.32157267756613,True
5541_38,1,1000,0,2.2266,0.59324,-Inf,True
5562_45,1,1000,0,1.834,0.50681,-Inf,True
5580_61,1,1000,0,1.6479,0.46538,-Inf,True
5614_83,0.99995,4.301,2.7414e-06,-2.3548,0.021762,-5.56202759156065,True
5622_47,1,1000,0,1.5782,0.45025,-Inf,True
5633_80,0.83089,0.69138,0.017898,-1.2828,0.063455,-1.74719549625429,True
5654_86,1,1000,0,2.3536,0.62056,-Inf,True
5662_61,0.67673,0.32086,0.045096,0.64365,0.26637,-1.34586197818787,True
5673_62,0.9127,1.0193,0.007903,-1.7952,0.043726,-2.10220801806078,True
5679_36,1,1000,0,1.5091,0.43461,-Inf,True
5697_68,0.84069,0.7224,0.016643,0.89222,0.3121,-1.77876838681859,True
5707_76,0.99965,3.4558,1.6837e-05,1.4872,0.43073,-4.77373528810431,True
5719_64,0.80124,0.60543,0.02299,-1.4902,0.059956,-1.63846102873072,True
5730_82,1,1000,0,1.7481,0.48775,-Inf,True
5804_54,0.97475,1.5866,0.0020204,1.1124,0.35249,-2.69456264015969,True
5824_49,1,1000,0,1.35,0.40076,-Inf,True
5851_35,0.67218,0.31186,0.046577,0.70596,0.27972,-1.33182848757901,True
5930_36,0.91835,1.051,0.0073984,-1.7951,0.043315,-2.1308621919316,True
5962_41,0.9997,3.5227,1.4797e-05,-2.2091,0.024612,-4.82982632619373,True
5980_80,0.99995,4.301,2.7414e-06,1.363,0.40375,-5.56202759156065,True
5984_73,1,1000,0,1.3846,0.4084,-Inf,True
5995_39,0.9963,2.4302,0.00017397,1.1771,0.36513,-3.75952563653212,True
6028_46,1,1000,0,1.5006,0.43333,-Inf,True
6031_42,1,1000,0,1.8527,0.51101,-Inf,True
6085_61,1,1000,0,1.536,0.44094,-Inf,True
6144_80,1,1000,0,1.4898,0.43032,-Inf,True
6182_75,0.9994,3.2216,3.0612e-05,-2.1314,0.026215,-4.51410829534259,True
6218_44,0.9801,1.6924,0.0014448,-1.6325,0.04172,-2.84019226703057,True
6220_71,1,1000,0,3.3476,0.79995,-Inf,True
6230_59,0.9619,1.4022,0.0037726,1.0431,0.33846,-2.42335923959145,True
6312_47,0.85584,0.77356,0.01428,-1.4509,0.056272,-1.84527179255984,True
6368_55,1,1000,0,2.0993,0.56553,-Inf,True
6384_58,0.81589,0.64656,0.020561,-1.552,0.057145,-1.68695576691798,True
6403_41,0.9703,1.5141,0.0025966,1.0307,0.33544,-2.58559494724112,True
6426_86,1,1000,0,1.8965,0.52068,-Inf,True
6429_61,1,1000,0,2.5186,0.65461,-Inf,True
6431_59,0.99995,4.301,2.7414e-06,1.3125,0.39213,-5.56202759156065,True
6467_68,1,1000,0,1.0997,0.34724,-Inf,True
6492_65,1,1000,0,1.9627,0.5354,-Inf,True
6498_47,0.74794,0.47236,0.03299,0.79598,0.29555,-1.48161768445466,True
6526_63,1,1000,0,2.1943,0.58653,-Inf,True
6540_52,0.69503,0.35776,0.042808,-1.3451,0.071425,-1.3684750620338,True
6550_76,1,1000,0,1.9758,0.53804,-Inf,True
6565_44,1,1000,0,1.8678,0.51446,-Inf,True
6608_72,0.94765,1.2577,0.0052682,-1.9525,0.036643,-2.2783377460019,True
6617_71,0.99995,4.301,2.7414e-06,-2.5018,0.019025,-5.56202759156065,True
6631_29,1,1000,0,1.8833,0.51795,-Inf,True
6658_72,0.98235,1.7455,0.001309,1.1071,0.35041,-2.88306035344924,True
6660_52,1,1000,0,2.2106,0.58979,-Inf,True
6672_82,0.77639,0.54059,0.027128,-1.3669,0.064822,-1.56658222322997,True
6690_52,1,1000,0,1.5372,0.44151,-Inf,True
6709_44,1,1000,0,1.4915,0.43112,-Inf,True
6769_72,0.84869,0.74889,0.015442,-1.765,0.049489,-1.81129645188157,True
6773_74,1,1000,0,1.4479,0.42113,-Inf,True
6802_82,1,1000,0,1.3865,0.4078,-Inf,True
6810_52,0.88679,0.89395,0.011403,-1.7084,0.047696,-1.94298087567723,True
6944_70,0.75469,0.48805,0.032507,0.8572,0.30739,-1.48802310874331,True
6962_43,1,1000,0,1.4569,0.42309,-Inf,True
6983_53,0.97225,1.5445,0.0022797,1.1046,0.3512,-2.64212230077013,True
7027_81,0.99775,2.6468,0.00010888,1.1556,0.36028,-3.96305188780472,True
7046_82,1,1000,0,1.7012,0.47724,-Inf,True
7048_61,0.99535,2.3305,0.00027312,1.3714,0.40605,-3.56364649622934,True
7058_31,1,1000,0,1.4509,0.42257,-Inf,True
7081_84,0.97535,1.5973,0.0019148,-1.7518,0.038749,-2.71787658119009,True
7089_75,1,1000,0,1.4424,0.42071,-Inf,True
7092_59,0.80269,0.6094,0.022371,-1.4953,0.059853,-1.65031460218969,True
7142_63,0.99995,4.301,2.7414e-06,1.353,0.4016,-5.56202759156065,True
7193_58,0.87314,0.83777,0.012906,-1.3365,0.058699,-1.88920833922889,True
7205_55,1,1000,0,1.3013,0.39079,-Inf,True
7206_46,1,1000,0,1.7998,0.49923,-Inf,True
7209_75,0.70574,0.3799,0.041139,-1.281,0.072529,-1.38574626927134,True
7214_60,1,1000,0,2.2008,0.58807,-Inf,True
7271_32,1,1000,0,1.4769,0.42819,-Inf,True
7299_47,0.72454,0.42,0.036277,-1.4415,0.066967,-1.44036863498891,True
7313_69,1,1000,0,2.2176,0.59158,-Inf,True
7314_35,0.9927,2.1335,0.00051041,1.1742,0.3646,-3.29208082546582,True
7322_91,0.97835,1.655,0.0016843,-1.7617,0.038167,-2.7735805513514,True
7328_39,1,1000,0,2.0095,0.54583,-Inf,True
7367_63,1,1000,0,1.8737,0.51567,-Inf,True
7390_38,1,1000,0,2.1347,0.57327,-Inf,True
7395_41,0.99855,2.838,7.5428e-05,-2.0781,0.027969,-4.12246740760262,True
7412_67,0.89684,0.93923,0.010276,-1.3362,0.057106,-1.98817590440569,True
7450_31,1,1000,0,1.3477,0.39987,-Inf,True
7458_83,0.9957,2.3646,0.000243,-1.9374,0.03195,-3.61439372640169,True
7479_31,1,1000,0,1.844,0.50907,-Inf,True
7485_46,1,1000,0,1.156,0.35934,-Inf,True
7490_84,0.9095,1.0021,0.008434,-1.8144,0.043622,-2.07396640332116,True
7545_46,1,1000,0,1.8404,0.50833,-Inf,True
7603_45,0.78674,0.56692,0.024668,-1.4354,0.062528,-1.60786606024573,True
7610_68,0.96315,1.4172,0.0034815,-2.0556,0.031982,-2.4582336004884,True
7620_90,0.9996,3.3977,1.9154e-05,-2.2696,0.023557,-4.71774051691602,True
7643_51,1,1000,0,1.3964,0.41088,-Inf,True
7666_86,0.99485,2.2859,0.00034611,-2.1338,0.027447,-3.46078585265017,True
7682_90,0.69453,0.35673,0.043368,-1.3618,0.071203,-1.36283060572746,True
7690_38,1,1000,0,3.7892,0.85676,-Inf,True
7713_58,0.87294,0.83699,0.013049,-1.687,0.049607,-1.88442276887148,True
7754_29,0.89689,0.93946,0.010156,1.1205,0.35704,-1.99327730779832,True
7803_76,0.9848,1.8115,0.0011361,-1.9406,0.032994,-2.94458344015951,True
7823_79,0.9991,3.0453,4.5948e-05,-1.9998,0.029675,-4.33773338760469,True
7828_41,1,1000,0,1.8694,0.51459,-Inf,True
7855_74,0.9827,1.7544,0.0012576,1.1316,0.35609,-2.90045747130467,True
7865_79,0.9986,2.8532,7.023e-05,-2.181,0.025727,-4.15347733158371,True
7870_41,1,1000,0,1.5606,0.4465,-Inf,True
7940_62,1,1000,0,1.5463,0.44308,-Inf,True
7974_36,1,1000,0,1.5012,0.43308,-Inf,True
7975_63,1,1000,0,1.4698,0.42637,-Inf,True
7988_46,0.99925,3.1246,3.4542e-05,0.94138,0.31562,-4.46165252016122,True
8019_80,0.9995,3.3008,2.6291e-05,1.2197,0.37374,-4.5801928948285,True
8026_68,0.93055,1.127,0.0066472,-1.8765,0.039839,-2.17736125403921,True
8033_75,1,1000,0,3.186,0.77602,-Inf,True
8045_72,1,1000,0,1.5843,0.45151,-Inf,True
8048_91,1,1000,0,2.1025,0.5664,-Inf,True
8079_83,0.66843,0.30449,0.048357,-1.1725,0.078223,-1.31554064999198,True
8086_77,1,1000,0,3.2784,0.79004,-Inf,True
8095_30,0.9999,3.9999,5.6386e-06,-2.4395,0.020089,-5.24882871299355,True
8103_28,0.9668,1.4642,0.0031061,1.0105,0.3315,-2.50778456639591,True
8124_33,1,1000,0,2.1458,0.57604,-Inf,True
8194_39,1,1000,0,3.0589,0.75511,-Inf,True
8196_88,0.9998,3.6989,8.8731e-06,1.2775,0.38577,-5.05192462394669,True
8199_45,1,1000,0,1.2505,0.37939,-Inf,True
8217_47,1,1000,0,1.7617,0.49077,-Inf,True
8241_29,0.98155,1.7259,0.0013885,-2.0213,0.031715,-2.85745411591372,True
8242_28,0.9992,3.0965,3.6037e-05,-2.2303,0.025012,-4.44325137023668,True
8277_67,1,1000,0,2.1162,0.56926,-Inf,True
8278_38,0.9989,2.9581,5.1538e-05,-2.4432,0.020713,-4.28787243882774,True
8288_52,0.95325,1.3094,0.0046969,-1.6081,0.044421,-2.32818868612514,True
8289_59,0.75734,0.49429,0.031079,0.7879,0.29377,-1.50753296353485,True
8327_33,1,1000,0,1.4227,0.41597,-Inf,True
8346_36,0.9856,1.8353,0.0010481,-2.2269,0.027596,-2.97959727901612,True
8389_50,1,1000,0,1.8138,0.50237,-Inf,True
8471_70,1,1000,0,1.2693,0.3828,-Inf,True
8486_35,1,1000,0,-2.4112,0.020464,-Inf,True
8499_62,1,1000,0,2.3402,0.6177,-Inf,True
8525_86,1,1000,0,1.6757,0.47172,-Inf,True
8527_71,0.96385,1.4259,0.0034334,-1.9774,0.033926,-2.4642755971938,True
8534_89,1,1000,0,1.9551,0.53394,-Inf,True
8536_56,0.99845,2.809,7.8199e-05,1.2114,0.37203,-4.10679880061354,True
8554_34,0.71274,0.39465,0.038691,-1.1817,0.073948,-1.41239004544367,True
8569_91,1,1000,0,2.2977,0.60808,-Inf,True
8590_88,0.99995,4.301,2.7414e-06,1.4125,0.41427,-5.56202759156065,True
8601_60,0.99995,4.301,2.7414e-06,1.1024,0.34802,-5.56202759156065,True
8603_50,1,1000,0,1.2368,0.37568,-Inf,True
8671_85,0.99735,2.5756,0.00011796,1.3738,0.40644,-3.92826523612024,True
8690_59,0.79299,0.58328,0.024449,0.72638,0.2791,-1.61173889945911,True
8746_52,1,1000,0,2.3996,0.63004,-Inf,True
8759_82,0.9999,3.9999,5.6386e-06,-2.3204,0.022394,-5.24882871299355,True
8778_32,1,1000,0,1.9078,0.5232,-Inf,True
8804_51,0.85139,0.75809,0.01461,-1.7621,0.049087,-1.8353497840657,True
8820_64,1,1000,0,2.0561,0.55595,-Inf,True
8827_43,0.71974,0.40961,0.03681,-1.296,0.070933,-1.43403418255333,True
8831_82,0.93625,1.1669,0.0061525,1.0168,0.33448,-2.21094837762516,True
8840_32,0.99965,3.4558,1.6837e-05,1.4516,0.42299,-4.77373528810431,True
8907_61,1,1000,0,1.2813,0.38517,-Inf,True
8915_80,0.99995,4.301,2.7414e-06,-2.2464,0.023877,-5.56202759156065,True
8936_51,1,1000,0,2.1908,0.58552,-Inf,True
9008_77,0.9936,2.191,0.00044379,-2.2771,0.024746,-3.35282248802954,True
9054_79,0.95785,1.3565,0.0041295,-1.7126,0.041114,-2.38410252955099,True
9077_74,0.76634,0.51583,0.028963,-1.3963,0.0651,-1.53815645573571,True
9079_79,0.80614,0.61892,0.021962,-1.5091,0.059076,-1.65832811279148,True
9119_36,1,1000,0,1.5299,0.43969,-Inf,True
9134_83,0.9642,1.4303,0.0032918,-1.9725,0.034629,-2.48256655910223,True
9144_58,0.84504,0.73667,0.015952,-1.4988,0.055613,-1.79718485903242,True
9156_59,0.82204,0.66457,0.019408,-1.5527,0.05667,-1.7120192164775,True
9158_70,1,1000,0,1.937,0.52991,-Inf,True
9164_37,0.88319,0.87859,0.011929,-1.7387,0.047356,-1.92339596141639,True
9166_67,1,1000,0,1.6041,0.45598,-Inf,True
9192_71,0.99975,3.6019,1.1856e-05,-2.4245,0.020522,-4.92606180936475,True
9210_32,0.9951,2.3076,0.00031304,-2.1811,0.026599,-3.50440016510738,True
9211_65,1,1000,0,2.1806,0.58304,-Inf,True
9216_37,1,1000,0,1.7253,0.48269,-Inf,True
9229_89,1,1000,0,1.3813,0.40766,-Inf,True
9251_31,1,1000,0,1.4856,0.42939,-Inf,True
9280_40,0.69673,0.36125,0.042527,-1.2282,0.074608,-1.37133525282323,True
9326_91,0.9971,2.5363,0.00013307,0.91994,0.31144,-3.8759198431203,True
9347_41,0.99935,3.1868,3.1829e-05,-2.2064,0.025007,-4.49717700578064,True
9355_49,1,1000,0,2.1447,0.57544,-Inf,True
9415_41,0.9918,2.0826,0.00059794,1.3331,0.39806,-3.22334239289494,True
9419_52,0.99975,3.6019,1.1856e-05,1.4115,0.4142,-4.92606180936475,True
9434_65,1,1000,0,2.4171,0.63381,-Inf,True
9456_30,1,1000,0,2.4323,0.63717,-Inf,True
9461_76,1,1000,0,1.5825,0.45122,-Inf,True
9497_86,0.90565,0.98219,0.0087646,-1.8005,0.044026,-2.05726789950821,True
9530_91,0.9987,2.8855,6.2646e-05,-2.228,0.025021,-4.20310665385397,True
9545_72,0.96,1.3802,0.0039726,0.75719,0.28124,-2.40092516173504,True
9585_44,1,1000,0,2.0431,0.55323,-Inf,True
9596_54,0.964,1.4278,0.0033861,-1.6742,0.041776,-2.47030022023568,True
9640_91,1,1000,0,1.7453,0.48712,-Inf,True
9655_40,0.80519,0.61629,0.022166,-1.5237,0.058447,-1.65431267110115,True
9675_34,0.99955,3.3466,2.3454e-05,-2.5281,0.018873,-4.62978307918411,True
9682_66,1,1000,0,1.2421,0.37682,-Inf,True
9684_29,1,1000,0,2.3122,0.61164,-Inf,True
9714_35,1,1000,0,2.6683,0.68476,-Inf,True
9717_52,1,1000,0,2.5232,0.65593,-Inf,True
9726_80,0.93755,1.1764,0.005996,-1.8511,0.039188,-2.22213837582376,True
9731_66,1,1000,0,1.9714,0.53724,-Inf,True
9755_40,0.9663,1.4575,0.0031506,-1.7236,0.040082,-2.5016067313293,True
9766_85,0.98405,1.7902,0.0011597,-1.9934,0.031481,-2.93565434283783,True
9776_86,0.88779,0.8983,0.011273,-1.4697,0.053327,-1.94796049299853,True
9789_48,1,1000,0,2.0192,0.54788,-Inf,True
9825_56,1,1000,0,1.1581,0.35935,-Inf,True
9840_88,1,1000,0,1.7854,0.49604,-Inf,True
9850_31,0.74054,0.45547,0.034473,-1.0247,0.077964,-1.46252092063172,True
9853_60,0.70169,0.37147,0.041689,0.65016,0.2667,-1.37997852223256,True
9886_41,0.75354,0.48535,0.032746,-1.3703,0.066561,-1.48484174251261,True
9896_83,1,1000,0,1.9145,0.52491,-Inf,True
9940_91,0.9178,1.0479,0.0075969,-1.5158,0.049849,-2.11936359029099,True
9979_31,0.9969,2.5073,0.00013849,-2.0285,0.029444,-3.85858158473391,True
9980_67,1,1000,0,1.6453,0.46476,-Inf,True
9992_81,0.9126,1.0187,0.0080079,-1.4273,0.053252,-2.09648135882037,True
10015_56,1,1000,0,1.9692,0.53683,-Inf,True
10017_66,0.9036,0.97188,0.0092168,-1.8121,0.043999,-2.03541983638324,True
10022_55,1,1000,0,2.1069,0.56708,-Inf,True
10061_54,1,1000,0,1.2781,0.3845,-Inf,True
10079_72,1,1000,0,2.074,0.56008,-Inf,True
10136_53,1,1000,0,1.3907,0.40946,-Inf,True
10166_68,0.83624,0.70813,0.017172,-1.5892,0.054668,-1.7651791201926,True
10172_28,1,1000,0,1.3291,0.39654,-Inf,True
10215_79,0.99035,2.0112,0.0006964,1.1447,0.35858,-3.15714123755471,True
10222_52,0.9972,2.5516,0.00012289,-2.4666,0.020802,-3.91048345577518,True
10236_59,0.78424,0.56048,0.025108,-1.4224,0.063036,-1.60018788002133,True
10285_38,0.9993,3.1546,3.3139e-05,-2.461,0.020403,-4.47966060095695,True
10295_35,0.9905,2.0181,0.0006816,-1.906,0.033017,-3.16647041824136,True
10319_63,0.77429,0.53535,0.02758,-1.5574,0.060286,-1.55940573816017,True
10342_77,0.70719,0.38294,0.040321,-1.0228,0.079782,-1.39446870550359,True
10366_78,0.67203,0.31156,0.046873,-1.1283,0.078626,-1.32907724955744,True
10374_32,0.71559,0.40071,0.037882,0.80512,0.29809,-1.42156710025919,True
10392_45,0.69748,0.36279,0.041968,-1.2281,0.074559,-1.37708172675372,True
10399_28,0.99185,2.0853,0.00058523,-1.7942,0.03624,-3.23267341921708,True
10401_33,0.88504,0.88643,0.011665,-1.707,0.047953,-1.93311525687023,True
10421_35,1,1000,0,1.6293,0.4615,-Inf,True
10440_61,1,1000,0,3.0567,0.75474,-Inf,True
10460_54,1,1000,0,3.3721,0.80347,-Inf,True
10462_76,0.77964,0.54876,0.026002,0.79421,0.29396,-1.58499324604617,True
10524_90,0.76159,0.50439,0.030132,-1.3867,0.065489,-1.52097204123945,True
10529_88,1,1000,0,1.5242,0.43845,-Inf,True
10620_63,1,1000,0,1.2554,0.37962,-Inf,True
10648_58,0.9785,1.6581,0.0016535,-1.9966,0.032304,-2.78159580075028,True
10691_48,0.97545,1.5991,0.0018801,-1.9168,0.034316,-2.72581905058037,True
10730_82,1,1000,0,1.9906,0.54156,-Inf,True
10732_81,0.9971,2.5363,0.00013307,-2.2648,0.024241,-3.8759198431203,True
10738_48,0.99995,4.301,2.7414e-06,1.418,0.41551,-5.56202759156065,True
10745_28,0.67533,0.31808,0.045392,-1.3376,0.07326,-1.34302068154822,True
10752_41,0.82039,0.65969,0.019789,-1.5479,0.056974,-1.70357615149622,True
10760_61,0.96865,1.4899,0.0028045,-1.9112,0.035468,-2.55214455565446,True
10785_73,1,1000,0,2.9331,0.73397,-Inf,True
10806_85,0.9997,3.5227,1.4797e-05,1.2743,0.385,-4.82982632619373,True
10828_61,1,1000,0,2.0841,0.56243,-Inf,True
10840_73,1,1000,0,2.2997,0.60909,-Inf,True
10849_58,0.76989,0.52449,0.02804,-1.2993,0.067239,-1.55222199070538,True
10928_90,0.9999,3.9999,5.6386e-06,1.2169,0.37261,-5.24882871299355,True
11019_91,1,1000,0,1.6251,0.46032,-Inf,True
11069_35,0.95505,1.3273,0.004406,1.0642,0.34334,-2.35595550718525,True
11081_39,0.99995,4.301,2.7414e-06,1.3164,0.39388,-5.56202759156065,True
11119_40,0.9816,1.7271,0.0013617,-2.0987,0.029386,-2.86591856253749,True
11140_28,1,1000,0,1.2897,0.38741,-Inf,True
11144_90,0.77154,0.52854,0.027809,-1.3536,0.064849,-1.55581462790284,True
11146_32,1,1000,0,1.6418,0.46406,-Inf,True
11149_89,0.85109,0.75706,0.014775,-1.5708,0.053926,-1.83047251044671,True
11166_91,1,1000,0,1.6108,0.45719,-Inf,True
11190_87,1,1000,0,3.5111,0.82257,-Inf,True
11222_69,0.93415,1.1518,0.0062333,-1.9051,0.038018,-2.20528197061976,True
11273_53,1,1000,0,1.5363,0.44073,-Inf,True
11307_51,1,1000,0,2.0386,0.55225,-Inf,True
11313_30,0.9959,2.3854,0.00021459,1.0923,0.34723,-3.66839052023591,True
11336_73,0.85799,0.78117,0.014119,0.85998,0.30459,-1.85019606177298,True
11415_86,0.96075,1.3887,0.0039214,-1.7159,0.040776,-2.40655885549819,True
11479_91,1,1000,0,2.1803,0.58348,-Inf,True
11482_73,1,1000,0,1.5717,0.44885,-Inf,True
11504_80,1,1000,0,1.6246,0.46046,-Inf,True
11506_49,0.9622,1.4058,0.0037235,-1.6552,0.042568,-2.42904864182061,True
11509_69,1,1000,0,3.1329,0.76747,-Inf,True
11569_29,1,1000,0,2.0672,0.55846,-Inf,True
11627_84,0.9543,1.3197,0.0045217,-1.7051,0.041512,-2.34469825505271,True
11686_51,0.99125,2.0542,0.00062466,-1.8735,0.033982,-3.20435630313908,True
11691_39,0.9999,3.9999,5.6386e-06,1.3055,0.39161,-5.24882871299355,True
11711_41,0.74149,0.45762,0.034224,0.78988,0.29454,-1.46566923277255,True
11736_75,1,1000,0,2.4366,0.63794,-Inf,True
11759_75,1,1000,0,3.1724,0.77341,-Inf,True
11761_60,1,1000,0,3.4519,0.81499,-Inf,True
11843_82,0.92175,1.0711,0.0070076,-1.6933,0.044909,-2.15443069604526,True
11849_85,0.9598,1.3779,0.004024,-1.4819,0.048298,-2.39534202795213,True
11860_60,0.83119,0.69231,0.017715,1.0229,0.33919,-1.7516588433308,True
11871_53,0.76964,0.52388,0.028271,-1.4239,0.063879,-1.54865882940221,True
11896_37,0.99595,2.3908,0.00020763,-1.849,0.034248,-3.68270989603958,True
11899_67,1,1000,0,1.8094,0.5014,-Inf,True
11912_28,1,1000,0,1.4666,0.4255,-Inf,True
11951_82,1,1000,0,2.4506,0.64105,-Inf,True
11992_77,0.98625,1.8557,0.00096341,-1.8755,0.03452,-3.01618885010973,True
12001_66,0.78234,0.55561,0.025331,-1.4335,0.062915,-1.59634766508867,True
12017_58,1,1000,0,1.9732,0.53771,-Inf,True
12054_79,1,1000,0,-2.3566,0.021605,-Inf,True
12064_81,0.83819,0.71434,0.016994,-1.6524,0.051895,-1.76970438608295,True
12070_68,0.89239,0.91872,0.010764,-1.4725,0.052664,-1.96802631090828,True
12083_81,1,1000,0,1.3091,0.39109,-Inf,True
12155_76,0.9991,3.0453,4.5948e-05,1.2185,0.37364,-4.33773338760469,True
12161_60,0.9999,3.9999,5.6386e-06,1.145,0.35687,-5.24882871299355,True
12182_89,1,1000,0,1.4577,0.42354,-Inf,True
12190_36,1,1000,0,1.4013,0.41191,-Inf,True
12213_89,0.9332,1.1452,0.006396,-1.8612,0.040386,-2.1940915449258,True
12254_48,1,1000,0,2.3404,0.61799,-Inf,True
12277_88,1,1000,0,1.5172,0.43694,-Inf,True
12294_64,0.99965,3.4558,1.6837e-05,1.3913,0.40993,-4.77373528810431,True
12320_71,1,1000,0,2.3725,0.62466,-Inf,True
12384_74,1,1000,0,1.8368,0.50744,-Inf,True
12479_28,0.80844,0.62534,0.021355,-1.3363,0.062945,-1.67050042423716,True
12516_86,1,1000,0,1.4655,0.42571,-Inf,True
12622_87,0.99955,3.3466,2.3454e-05,1.1814,0.36521,-4.62978307918411,True
12641_38,0.9956,2.3546,0.00025037,-2.1082,0.027765,-3.60141771066528,True
12652_91,0.97775,1.6429,0.0017776,-2.0875,0.0309,-2.75016595840321,True
12670_30,0.9999,3.9999,5.6386e-06,1.5347,0.44112,-5.24882871299355,True
12693_72,1,1000,0,2.6874,0.68835,-Inf,True
12705_51,1,1000,0,1.5744,0.44932,-Inf,True
12720_88,0.99995,4.301,2.7414e-06,1.0518,0.33761,-5.56202759156065,True
12723_33,0.80029,0.60285,0.023197,-1.222,0.067379,-1.63456817750958,True
12725_37,0.95605,1.3375,0.004349,-1.6003,0.044572,-2.36161059233466,True
12736_28,0.82219,0.66502,0.019218,-1.7089,0.053021,-1.71629181095253,True
12746_41,1,1000,0,1.1897,0.3659,-Inf,True
12758_55,0.9961,2.4072,0.0001938,-2.2354,0.025477,-3.71264622728525,True
12810_70,1,1000,0,1.5253,0.43861,-Inf,True
12823_53,0.88464,0.88473,0.011796,-1.4906,0.052955,-1.92826523612024,True
12884_55,0.9909,2.037,0.00065269,1.2597,0.38226,-3.18529304116964,True
12903_53,0.76404,0.51027,0.029662,-1.5377,0.061489,-1.5277995694344,True
12922_44,0.73454,0.44201,0.034979,-1.3196,0.06934,-1.45619261054316,True
12942_41,0.9393,1.1896,0.0057691,-2.0023,0.036746,-2.23889193303496,True
12945_91,1,1000,0,1.9791,0.539,-Inf,True
12972_32,0.993,2.1518,0.00048782,-2.0315,0.029888,-3.31174039813549,True
12979_84,0.9988,2.9203,5.8018e-05,-2.2789,0.023866,-4.23643724630093,True
12982_79,0.80624,0.6192,0.02176,0.8329,0.30099,-1.66234110897386,True
13081_88,1,1000,0,1.4355,0.41882,-Inf,True
13083_60,0.9931,2.1581,0.00046567,-2.1054,0.028239,-3.33192173985153,True
13090_73,1,1000,0,1.1564,0.35889,-Inf,True
13107_82,1,1000,0,2.3212,0.61306,-Inf,True
13135_70,0.99415,2.2303,0.00038347,-1.9475,0.03177,-3.41626860653661,True
13152_71,1,1000,0,2.4082,0.63214,-Inf,True
13180_86,1,1000,0,1.4987,0.43292,-Inf,True
13196_77,1,1000,0,1.2292,0.37506,-Inf,True
13221_69,1,1000,0,2.785,0.70667,-Inf,True
13258_31,0.97045,1.5164,0.0025161,1.0772,0.34564,-2.59927210226288,True
13297_68,1,1000,0,-2.3783,0.021293,-Inf,True
13308_59,0.98905,1.9558,0.00074404,-1.8712,0.034217,-3.12840371591607,True
13341_74,1,1000,0,1.2342,0.37515,-Inf,True
13352_44,0.9949,2.2902,0.00033776,-1.8427,0.034503,-3.47139178403642,True
13384_90,1,1000,0,2.2277,0.59351,-Inf,True
13430_78,0.99885,2.9388,5.3643e-05,1.2459,0.37871,-4.27048694209909,True
13458_69,0.9994,3.2216,3.0612e-05,-2.3651,0.021837,-4.51410829534259,True
13462_85,0.70689,0.38231,0.040866,-1.1345,0.075979,-1.38863786933375,True
13518_85,1,1000,0,2.533,0.65713,-Inf,True
13523_89,1,1000,0,1.5837,0.45115,-Inf,True
13533_40,0.68068,0.32872,0.044801,-1.2763,0.074123,-1.34871229203679,True
13547_68,0.99295,2.1487,0.00049893,1.1572,0.36108,-3.30196038172378,True
13556_86,1,1000,0,1.8434,0.50887,-Inf,True
13597_35,1,1000,0,3.6821,0.84395,-Inf,True
13600_77,0.67068,0.3089,0.047466,-1.1198,0.078762,-1.32361736510326,True
13627_64,0.9338,1.1494,0.0063144,-1.8809,0.040026,-2.19966791020269,True
13650_74,1,1000,0,2.2819,0.60559,-Inf,True
13693_54,1,1000,0,1.9693,0.53702,-Inf,True
13738_67,0.89874,0.94822,0.0097997,-1.7717,0.045419,-2.00878721924004,True
13762_65,0.90155,0.96175,0.0094483,-1.364,0.055977,-2.02464632556854,True
13769_69,0.9629,1.4142,0.0036261,-1.8957,0.035711,-2.4405602231723,True
13774_83,0.89519,0.93153,0.010516,-1.6239,0.048407,-1.97814942256567,True
13791_31,1,1000,0,1.2811,0.38516,-Inf,True
13796_49,0.9674,1.4724,0.0030189,-1.6246,0.043186,-2.52015127259051,True
13845_74,1,1000,0,1.6905,0.47493,-Inf,True
13850_62,0.68948,0.34644,0.043934,-1.0937,0.078276,-1.35719925430709,True
13881_39,0.9489,1.2688,0.0050095,-1.9385,0.037125,-2.30020561905838,True
13917_31,0.99995,4.301,2.7414e-06,1.5117,0.43597,-5.56202759156065,True
13923_66,1,1000,0,1.3885,0.40879,-Inf,True
13935_70,0.89814,0.94536,0.010037,0.90195,0.31186,-1.9983960758502,True
13960_78,0.76494,0.51244,0.029428,-1.5484,0.061237,-1.53123925262954,True
14011_86,1,1000,0,1.8198,0.50363,-Inf,True
14020_91,0.99395,2.2156,0.00039322,-2.1869,0.02666,-3.4053644011432,True
14070_62,0.9991,3.0453,4.5948e-05,1.2309,0.37603,-4.33773338760469,True
14117_54,1,1000,0,2.1956,0.5863,-Inf,True
14122_74,0.99955,3.3466,2.3454e-05,-2.095,0.027108,-4.62978307918411,True
14208_40,0.84094,0.72321,0.016469,-1.5871,0.054295,-1.78333277045179,True
14213_91,0.9082,0.99531,0.0085433,-1.5137,0.05049,-2.06837434301583,True
14293_50,0.9991,3.0453,4.5948e-05,-2.1666,0.025655,-4.33773338760469,True
14305_64,1,1000,0,2.7803,0.70608,-Inf,True
14329_39,1,1000,0,1.3345,0.39661,-Inf,True
14379_31,0.97495,1.5902,0.0019851,-1.7898,0.037814,-2.70221761063674,True
14459_42,0.9921,2.0989,0.00054751,1.1875,0.36681,-3.26160794424098,True
14472_47,0.80219,0.60803,0.022577,-1.5965,0.056868,-1.6463337670171,True
14492_91,0.9999,3.9999,5.6386e-06,-2.3575,0.021664,-5.24882871299355,True
14546_28,1,1000,0,1.6436,0.46466,-Inf,True
14592_73,0.9997,3.5227,1.4797e-05,0.99286,0.32568,-4.82982632619373,True
14596_74,0.9736,1.5668,0.0021291,-2.1231,0.031152,-2.67180394005145,True
14618_36,0.93625,1.1669,0.0061525,-1.8643,0.040022,-2.21094837762516,True
14626_69,1,1000,0,1.7281,0.48334,-Inf,True
14641_46,0.9169,1.0427,0.0076969,-1.835,0.042403,-2.11368415586358,True
14702_38,1,1000,0,1.4036,0.41223,-Inf,True
14714_66,0.67048,0.30851,0.047762,-1.1799,0.077766,-1.32091749572337,True
14720_65,1,1000,0,2.6904,0.68885,-Inf,True
14727_89,0.95125,1.2903,0.0047582,-2.0335,0.033853,-2.3225573073448,True
14764_88,0.9041,0.97437,0.0091033,-1.5128,0.050977,-2.04080114482261,True
14803_47,0.9479,1.2599,0.0052033,-1.675,0.043,-2.28372113382171,True
14810_81,1,1000,0,1.815,0.50268,-Inf,True
14839_58,0.988,1.9156,0.00088408,0.98348,0.32514,-3.05350843409718,True
14852_48,1,1000,0,2.5345,0.65815,-Inf,True
14864_28,0.99985,3.8238,6.8569e-06,-2.3364,0.022162,-5.16387218417395,True
14997_44,0.76604,0.51511,0.029195,-1.5464,0.06105,-1.53469152041269,True
15039_89,0.9999,3.9999,5.6386e-06,-2.643,0.016712,-5.24882871299355,True
15061_55,0.99955,3.3466,2.3454e-05,0.99846,0.32711,-4.62978307918411,True
15098_61,0.9835,1.7753,0.0012074,-1.6184,0.042061,-2.91814882848255,True
15122_43,0.9999,3.9999,5.6386e-06,-2.4625,0.019662,-5.24882871299355,True
15185_71,0.94685,1.2508,0.0053341,-1.686,0.042908,-2.27293884671868,True
15242_86,0.75584,0.49075,0.031794,-1.5292,0.062311,-1.49765483010203,True
15311_57,1,1000,0,1.9906,0.54166,-Inf,True
15332_59,0.77579,0.53909,0.027353,-1.4485,0.062024,-1.5629950345227,True
15373_43,1,1000,0,1.9962,0.54304,-Inf,True
15378_55,0.87349,0.83915,0.012763,-1.3281,0.059175,-1.89404723076302,True
15393_58,0.66873,0.30508,0.04806,0.70066,0.27891,-1.31821623353212,True
15432_87,0.82304,0.66755,0.018456,-1.5106,0.057566,-1.73386241848696,True
15471_80,1,1000,0,2.0283,0.54988,-Inf,True
15473_44,1,1000,0,2.876,0.72349,-Inf,True
15507_44,0.963,1.4154,0.0035297,-2.0372,0.033996,-2.45226220506011,True
15543_86,0.9997,3.5227,1.4797e-05,-2.3842,0.021052,-4.82982632619373,True
15571_35,0.99995,4.301,2.7414e-06,1.1108,0.3496,-5.56202759156065,True
15573_81,1,1000,0,1.9651,0.536,-Inf,True
15607_50,0.9998,3.6989,8.8731e-06,1.2844,0.38717,-5.05192462394669,True
15614_52,0.85369,0.76604,0.014444,-1.6445,0.052132,-1.84031252024521,True
15615_75,1,1000,0,2.1054,0.56668,-Inf,True
15646_86,1,1000,0,1.6313,0.46186,-Inf,True
15677_86,1,1000,0,1.5163,0.43622,-Inf,True
15748_37,1,1000,0,3.477,0.81862,-Inf,True
15780_34,1,1000,0,2.0544,0.55594,-Inf,True
15791_77,1,1000,0,2.1543,0.57769,-Inf,True
15828_89,1,1000,0,1.74,0.48598,-Inf,True
15881_80,0.82269,0.66651,0.018837,-1.6314,0.054246,-1.72498826222199,True
15907_79,1,1000,0,1.4867,0.43001,-Inf,True
15927_30,0.85854,0.78314,0.01396,0.94125,0.32143,-1.85511458171286,True
15934_88,1,1000,0,1.5099,0.4348,-Inf,True
15954_33,1,1000,0,1.2874,0.38754,-Inf,True
16057_61,1,1000,0,1.615,0.45857,-Inf,True
16062_57,0.9013,0.96053,0.0095639,-1.8042,0.044562,-2.01936497350934,True
16121_54,1,1000,0,2.0831,0.56194,-Inf,True
16165_77,1,1000,0,1.0888,0.34515,-Inf,True
16231_67,0.99215,2.1017,0.00053513,1.1514,0.35989,-3.27154070129776,True
16245_77,0.9907,2.0274,0.000667,-2.0759,0.028849,-3.17587416608345,True
16257_32,0.9966,2.467,0.00016162,1.2604,0.38205,-3.79150489757016,True
16280_87,1,1000,0,1.9498,0.53253,-Inf,True
16418_52,0.79914,0.59973,0.02361,-1.6073,0.056887,-1.62690401292127,True
16456_30,1,1000,0,2.0358,0.55188,-Inf,True
16504_64,1,1000,0,1.5532,0.44434,-Inf,True
16517_67,1,1000,0,2.1395,0.57463,-Inf,True
16620_53,1,1000,0,1.5486,0.44327,-Inf,True
16667_54,1,1000,0,1.1273,0.35281,-Inf,True
16690_44,0.87109,0.82979,0.013194,-1.6753,0.049947,-1.87962352025557,True
16748_47,1,1000,0,1.8294,0.50579,-Inf,True
16789_66,0.80134,0.60571,0.022784,-1.6367,0.056269,-1.64237002804324,True
16800_85,0.86394,0.80276,0.013646,0.92111,0.3173,-1.86499463305611,True
16898_80,1,1000,0,1.3879,0.40817,-Inf,True
16934_75,0.85054,0.75518,0.014941,-1.5608,0.05433,-1.82562033425101,True
16965_75,0.97375,1.5693,0.0020924,-1.5962,0.043378,-2.6793552886446,True
16968_34,1,1000,0,1.1555,0.35896,-Inf,True
17016_46,1,1000,0,2.9417,0.735,-Inf,True
17038_31,1,1000,0,1.651,0.46602,-Inf,True
17087_78,1,1000,0,1.9195,0.52587,-Inf,True
17097_62,1,1000,0,2.0603,0.55691,-Inf,True
17121_73,0.74259,0.46012,0.033975,-1.2602,0.069638,-1.46884053459547,True
17149_29,0.71134,0.39168,0.039233,0.68643,0.27459,-1.40634848173457,True
17245_56,0.68288,0.33313,0.044509,-1.3196,0.072962,-1.35155216306101,True
17267_57,1,1000,0,2.49,0.6484,-Inf,True
17325_91,1,1000,0,1.6058,0.45598,-Inf,True
17329_78,0.9991,3.0453,4.5948e-05,-2.0957,0.027403,-4.33773338760469,True
17332_71,0.79394,0.58579,0.024236,-1.1922,0.068656,-1.61553905617551,True
17342_48,1,1000,0,1.7541,0.48908,-Inf,True
17391_85,0.9986,2.8532,7.023e-05,0.95583,0.31837,-4.15347733158371,True
17436_89,1,1000,0,1.8882,0.51888,-Inf,True
17462_56,0.67408,0.31561,0.04628,0.709,0.28028,-1.33460664972029,True
17497_83,1,1000,0,1.8246,0.50475,-Inf,True
17552_48,1,1000,0,1.3126,0.39257,-Inf,True
17580_31,0.96735,1.4717,0.0030621,-2.067,0.033006,-2.5139806305094,True
17597_57,0.9996,3.3977,1.9154e-05,1.033,0.3338,-4.71774051691602,True
17624_82,0.78134,0.55307,0.025554,-1.4416,0.06227,-1.59254110954261,True
17625_52,1,1000,0,2.1247,0.57135,-Inf,True
17631_77,0.984,1.7889,0.0011832,-2.0059,0.031874,-2.92694183901116,True
17643_56,0.98535,1.8277,0.0010699,-1.7211,0.038732,-2.97065681248089,True
17670_29,1,1000,0,1.6417,0.46422,-Inf,True
17687_89,0.79894,0.59919,0.023817,-1.6968,0.05499,-1.62311294333595,True
17825_50,1,1000,0,3.1864,0.77613,-Inf,True
17835_82,1,1000,0,2.8482,0.71838,-Inf,True
17870_82,1,1000,0,2.351,0.61986,-Inf,True
17875_70,1,1000,0,1.5778,0.44978,-Inf,True
17879_62,0.94035,1.1977,0.0056188,-1.7138,0.042642,-2.2503564262504,True
17898_53,1,1000,0,1.4586,0.42397,-Inf,True
17909_49,0.9986,2.8532,7.023e-05,-2.0947,0.027644,-4.15347733158371,True
17917_85,0.9943,2.2416,0.00035539,-2.3067,0.024234,-3.44929479658114,True
17944_29,0.99425,2.2378,0.00037403,-2.1221,0.027605,-3.42709356274086,True
18043_70,1,1000,0,2.3718,0.62376,-Inf,True
18075_88,1,1000,0,3.5544,0.82836,-Inf,True
18099_48,1,1000,0,1.9402,0.53047,-Inf,True
18166_40,1,1000,0,1.8574,0.51205,-Inf,True
18196_91,1,1000,0,1.7825,0.49538,-Inf,True
18243_78,0.9958,2.3749,0.00023578,1.3771,0.40724,-3.6274930366371,True
18250_77,1,1000,0,-2.6124,0.017066,-Inf,True
18398_56,0.9975,2.601,0.00011329,1.292,0.38883,-3.94580842320357,True
18415_67,0.9968,2.4934,0.00014408,-1.8465,0.033997,-3.84139630018852,True
18476_33,1,1000,0,2.9746,0.74034,-Inf,True
18566_86,1,1000,0,2.2598,0.60039,-Inf,True
18586_88,0.98735,1.8924,0.00090312,-1.8882,0.034176,-3.04425453996853,True
18615_90,1,1000,0,2.6721,0.68534,-Inf,True
18621_88,0.74719,0.47063,0.033235,-1.3922,0.065735,-1.47840431688984,True
18687_67,0.78579,0.56446,0.024887,-1.1576,0.070507,-1.60402745220501,True
18704_55,0.9542,1.3188,0.0045794,0.97557,0.32418,-2.33919142019678,True
18741_63,1,1000,0,3.545,0.82717,-Inf,True
18792_76,0.84869,0.74889,0.015442,1.061,0.34653,-1.81129645188157,True
18796_47,0.9479,1.2599,0.0052033,-1.7148,0.041769,-2.28372113382171,True
18804_34,0.70399,0.37625,0.041413,-1.3611,0.069706,-1.38286330762239,True
18808_44,0.96155,1.3981,0.0038711,-1.8712,0.036888,-2.41216560964533,True
18821_37,1,1000,0,1.4776,0.42837,-Inf,True
18881_83,0.79999,0.60203,0.023403,-1.6494,0.056032,-1.63072846737897,True
18923_62,0.99995,4.301,2.7414e-06,1.2981,0.39004,-5.56202759156065,True
18938_79,1,1000,0,2.1671,0.58048,-Inf,True
18979_56,1,1000,0,1.5044,0.43416,-Inf,True
18994_43,0.88824,0.90026,0.011144,0.81529,0.29433,-1.95295889658409,True
19014_52,0.99995,4.301,2.7414e-06,1.3557,0.40223,-5.56202759156065,True
19021_76,0.72109,0.41252,0.036543,-1.4447,0.066925,-1.43719580208572,True
19035_42,0.9725,1.5485,0.0022414,-1.6518,0.041896,-2.64948063240246,True
19037_28,1,1000,0,2.0738,0.55992,-Inf,True
19066_70,0.99995,4.301,2.7414e-06,1.2882,0.38775,-5.56202759156065,True
19070_38,0.76034,0.50141,0.030602,-1.5176,0.062135,-1.51425018918575,True
19094_49,1,1000,0,2.1735,0.5817,-Inf,True
19098_32,0.71049,0.38988,0.039504,-1.2844,0.072031,-1.40335892741214,True
19141_66,0.95335,1.3104,0.0046382,-1.5337,0.047033,-2.3336505284398,True
19181_79,1,1000,0,1.9523,0.53312,-Inf,True
19183_90,1,1000,0,2.3794,0.62597,-Inf,True
19232_70,0.75759,0.49488,0.030841,-1.4708,0.063531,-1.51087154866774,True
19241_70,0.99995,4.301,2.7414e-06,1.2784,0.38498,-5.56202759156065,True
19255_72,0.99425,2.2378,0.00037403,-1.9953,0.030457,-3.42709356274086,True
19275_70,1,1000,0,1.7066,0.47854,-Inf,True
19286_46,0.9887,1.942,0.00079546,-2.274,0.025978,-3.09938165412682,True
19304_91,1,1000,0,1.4001,0.41132,-Inf,True
19329_53,0.99215,2.1017,0.00053513,1.1675,0.36329,-3.27154070129776,True
19360_67,1,1000,0,2.7928,0.70842,-Inf,True
19425_39,1,1000,0,1.724,0.48241,-Inf,True
19458_30,1,1000,0,2.8331,0.71579,-Inf,True
19551_34,1,1000,0,1.296,0.38958,-Inf,True
19587_85,1,1000,0,1.4788,0.42858,-Inf,True
19598_28,0.76289,0.50751,0.029896,-1.3215,0.066403,-1.52438691515842,True
19632_74,0.99995,4.301,2.7414e-06,1.28,0.38597,-5.56202759156065,True
19718_50,1,1000,0,1.6423,0.46406,-Inf,True
19720_40,0.73864,0.45119,0.034724,-1.0854,0.07574,-1.45937025245098,True
19735_57,1,1000,0,2.1155,0.56904,-Inf,True
19772_39,1,1000,0,2.6756,0.68612,-Inf,True
19918_47,0.81089,0.63225,0.021154,0.99064,0.33324,-1.67460749998274,True
19956_81,0.9997,3.5227,1.4797e-05,1.2669,0.38352,-4.82982632619373,True
19971_69,1,1000,0,-2.6099,0.017081,-Inf,True
19975_77,1,1000,0,1.1245,0.35242,-Inf,True
19990_74,1,1000,0,1.975,0.53809,-Inf,True
20017_89,1,1000,0,1.535,0.44071,-Inf,True
20023_56,0.72954,0.43094,0.035754,-1.2944,0.070324,-1.44667536419157,True
20057_72,0.98845,1.9324,0.00083042,1.1503,0.35995,-3.08070219973521,True
20070_33,0.987,1.8804,0.00092266,-1.8458,0.035151,-3.03495830691219,True
20083_40,0.99625,2.4243,0.00018042,1.06,0.3398,-3.74371532151584,True
20128_60,1,1000,0,2.1438,0.57533,-Inf,True
20154_72,1,1000,0,2.4886,0.64872,-Inf,True
20195_34,0.99315,2.1613,0.00045471,1.1116,0.35084,-3.34226549466873,True
20197_83,0.69478,0.35724,0.043088,-1.2022,0.075369,-1.36564366393256,True
20222_82,1,1000,0,1.422,0.41553,-Inf,True
20230_54,1,1000,0,1.5853,0.45194,-Inf,True
20295_36,0.99095,2.0394,0.00063865,1.3429,0.4002,-3.19473708348832,True
20343_57,0.90955,1.0024,0.0083262,-1.8335,0.04311,-2.07955316132659,True
20354_36,0.83419,0.70166,0.017532,-1.7143,0.051843,-1.75616853801808,True
20425_46,1,1000,0,1.6547,0.4671,-Inf,True
20446_35,1,1000,0,1.749,0.48791,-Inf,True
20473_75,1,1000,0,2.6792,0.68663,-Inf,True
20500_53,0.90155,0.96175,0.0094483,-1.5572,0.049754,-2.02464632556854,True
20501_35,0.84604,0.73999,0.015612,-1.5937,0.053611,-1.80654145739079,True
20532_47,0.81214,0.6358,0.020955,0.86683,0.30778,-1.67871233483014,True
20552_60,1,1000,0,1.5368,0.44132,-Inf,True
20574_42,1,1000,0,1.3886,0.40873,-Inf,True
20586_75,1,1000,0,2.1395,0.57467,-Inf,True
20604_78,0.81409,0.64137,0.020757,-1.5231,0.058191,-1.68283541467684,True
20624_60,1,1000,0,1.546,0.4431,-Inf,True
20670_39,0.88104,0.86961,0.012064,0.97275,0.32744,-1.9185086714743,True
20672_73,1,1000,0,1.6338,0.46224,-Inf,True
20688_76,0.82034,0.65955,0.019979,-1.337,0.061948,-1.69942625311457,True
20719_30,1,1000,0,1.8035,0.50011,-Inf,True
20753_58,0.98305,1.7634,0.0012323,0.8828,0.30447,-2.9092835515189,True
20835_91,0.9707,1.5202,0.0024357,-1.5858,0.044146,-2.61337620387492,True
20837_42,1,1000,0,2.0943,0.56438,-Inf,True
20859_64,1,1000,0,1.508,0.43482,-Inf,True
20885_88,0.97575,1.6046,0.0018454,-2.1074,0.03008,-2.73390948372482,True
20895_28,0.9915,2.0669,0.00061111,-1.9026,0.033239,-3.21388060957213,True
20908_32,0.92485,1.0901,0.0069122,-1.698,0.044192,-2.16038370431971,True
20923_87,0.99915,3.0702,3.7624e-05,1.0143,0.33007,-4.42453503426198,True
20928_88,1,1000,0,1.5402,0.44142,-Inf,True
20990_48,0.9996,3.3977,1.9154e-05,0.9944,0.32612,-4.71774051691602,True
21046_87,0.9988,2.9203,5.8018e-05,0.98147,0.3236,-4.23643724630093,True
21084_81,1,1000,0,1.3747,0.4062,-Inf,True
21097_61,0.97965,1.6825,0.0015031,-1.8745,0.034812,-2.82301212519919,True
21120_58,0.9681,1.4821,0.0028893,1.0636,0.34294,-2.53920736242014,True
21290_80,1,1000,0,1.6356,0.46265,-Inf,True
21296_44,1,1000,0,1.8998,0.52135,-Inf,True
21403_62,0.9998,3.6989,8.8731e-06,1.404,0.41263,-5.05192462394669,True
21419_81,1,1000,0,2.594,0.67002,-Inf,True
21488_48,0.77764,0.54372,0.026677,-1.4398,0.06299,-1.57386301121358,True
21583_80,0.96925,1.4986,0.0027202,-1.5847,0.044145,-2.56539916372198,True
21590_69,0.99955,3.3466,2.3454e-05,0.98576,0.32451,-4.62978307918411,True
21596_52,0.99985,3.8238,6.8569e-06,1.4708,0.42711,-5.16387218417395,True
21611_73,0.95675,1.3448,0.0042932,-1.9899,0.035579,-2.36721887931158,True
21614_30,0.99995,4.301,2.7414e-06,1.3272,0.39621,-5.56202759156065,True
21671_32,0.9999,3.9999,5.6386e-06,1.3563,0.40224,-5.24882871299355,True
21686_40,1,1000,0,1.4307,0.41766,-Inf,True
21704_83,1,1000,0,1.2069,0.36986,-Inf,True
21732_56,0.86109,0.79233,0.013802,-1.6743,0.050644,-1.86005797693002,True
21748_28,1,1000,0,2.2672,0.60197,-Inf,True
21807_77,1,1000,0,1.741,0.48614,-Inf,True
21827_62,0.65633,0.28099,0.049269,-1.2757,0.076299,-1.30742625239709,True
21829_90,1,1000,0,1.6616,0.46857,-Inf,True
21833_28,1,1000,0,1.4085,0.4135,-Inf,True
21844_32,0.9958,2.3749,0.00023578,-1.9523,0.031326,-3.6274930366371,True
21863_80,1,1000,0,1.4091,0.4132,-Inf,True
21874_61,1,1000,0,1.8524,0.51105,-Inf,True
21896_32,0.78039,0.55066,0.025778,-1.5981,0.058642,-1.58875078064662,True
21905_34,0.99945,3.2594,2.8361e-05,-2.266,0.023455,-4.54727846013124,True
21934_70,1,1000,0,1.785,0.49594,-Inf,True
21971_88,1,1000,0,2.1067,0.56715,-Inf,True
22022_82,0.9955,2.3448,0.00026538,-1.8914,0.032838,-3.57613181024675,True
22068_80,0.9983,2.7688,8.692e-05,1.2044,0.37078,-4.06088028235151,True
22087_31,0.9896,1.9784,0.00072726,-2.3029,0.025777,-3.13831029838622,True
22092_61,0.92115,1.0675,0.0071035,-1.6095,0.04701,-2.14852761520286,True
22166_90,1,1000,0,1.4466,0.42112,-Inf,True
22240_69,0.87549,0.84706,0.01262,-1.7056,0.048925,-1.89894064509188,True
22242_70,0.9309,1.1294,0.0065626,1.0256,0.33618,-2.18292406581573,True
22246_41,0.75604,0.49122,0.031556,-1.3257,0.066919,-1.50091805261167,True
22303_86,0.86849,0.81982,0.013341,-1.7441,0.047769,-1.8748116158314,True
22331_72,0.82909,0.68584,0.018265,0.67517,0.26809,-1.73838032345206,True
22349_91,0.76149,0.50415,0.030367,0.79631,0.29522,-1.51759811054471,True
22373_54,1,1000,0,1.3717,0.40454,-Inf,True
22406_77,0.81709,0.65003,0.020366,-1.5188,0.058085,-1.69109426056843,True
22430_73,0.72679,0.4249,0.036015,0.75483,0.2881,-1.44351658088729,True
22526_47,1,1000,0,1.609,0.45675,-Inf,True
22530_86,0.99995,4.301,2.7414e-06,1.1521,0.3583,-5.56202759156065,True
22563_78,1,1000,0,2.5359,0.65852,-Inf,True
22596_51,0.96475,1.4372,0.0031973,1.0786,0.34609,-2.49521661232639,True
22621_48,0.84429,0.73418,0.016123,0.91903,0.31746,-1.79255414601575,True
22653_89,0.97005,1.5104,0.0026372,-2.0446,0.032695,-2.57885693292834,True
22761_86,0.9199,1.0601,0.0072008,-1.4627,0.051303,-2.14261925130693,True
22771_46,1,1000,0,1.4749,0.42729,-Inf,True
22788_50,1,1000,0,1.287,0.38648,-Inf,True
22789_74,0.9951,2.3076,0.00031304,1.1446,0.35849,-3.50440016510738,True
22800_60,1,1000,0,2.7207,0.69492,-Inf,True
22806_40,0.9984,2.7952,8.3899e-05,1.1779,0.36488,-4.07624321553685,True
22824_44,1,1000,0,2.041,0.55278,-Inf,True
22851_64,0.91865,1.0528,0.0072996,-1.859,0.040465,-2.13670093748945,True
22868_52,0.82119,0.66205,0.019598,-1.5372,0.05727,-1.70778824666815,True
22889_86,0.97635,1.6158,0.0018111,1.0274,0.33469,-2.74205756942686,True
22895_53,0.99585,2.3801,0.00022162,0.96381,0.32028,-3.65439104945941,True
22913_52,1,1000,0,2.0635,0.55774,-Inf,True
22921_81,0.99975,3.6019,1.1856e-05,1.4346,0.41936,-4.92606180936475,True
22923_53,1,1000,0,3.4092,0.80897,-Inf,True
22930_30,1,1000,0,1.3023,0.39024,-Inf,True
22955_36,0.9999,3.9999,5.6386e-06,1.3121,0.39296,-5.24882871299355,True
22978_85,1,1000,0,1.6866,0.4741,-Inf,True
22999_56,0.908,0.99427,0.0086525,0.98775,0.32943,-2.06285839203383,True
23018_68,1,1000,0,1.4795,0.42882,-Inf,True
23026_49,0.82299,0.6674,0.018647,0.73691,0.28049,-1.72939102917682,True
23029_65,1,1000,0,1.2928,0.38758,-Inf,True
23055_40,1,1000,0,1.4531,0.42305,-Inf,True
23057_90,1,1000,0,2.9314,0.73278,-Inf,True
23099_52,0.97895,1.6675,0.0016228,1.0849,0.34701,-2.78973500096771,True
23100_30,0.9325,1.1403,0.0064784,-1.6261,0.045558,-2.18853224057566,True
23150_85,0.97315,1.5592,0.0022033,-1.75,0.038978,-2.6569263655482,True
23189_45,0.9393,1.1896,0.0057691,-1.896,0.039266,-2.23889193303496,True
23203_56,1,1000,0,1.8775,0.51666,-Inf,True
23214_64,0.99785,2.6666,0.00010491,1.3688,0.40539,-3.97918311297109,True
23233_91,1,1000,0,1.7748,0.49365,-Inf,True
23271_34,1,1000,0,1.6528,0.4666,-Inf,True
23345_62,0.98215,1.7405,0.001335,-1.9193,0.033678,-2.87451873429941,True
23346_64,0.97935,1.676,0.0015328,-1.8941,0.034507,-2.81451450826553,True
23351_84,1,1000,0,1.8784,0.51678,-Inf,True
23364_76,1,1000,0,2.0499,0.55488,-Inf,True
23368_84,1,1000,0,1.4294,0.41706,-Inf,True
23402_69,1,1000,0,1.9084,0.52339,-Inf,True
23412_55,0.9981,2.7204,9.3673e-05,-2.0493,0.028602,-4.02838557069999,True
23429_46,0.9999,3.9999,5.6386e-06,1.2784,0.3859,-5.24882871299355,True
23445_80,0.9999,3.9999,5.6386e-06,1.3518,0.40134,-5.24882871299355,True
23449_84,1,1000,0,2.1704,0.58139,-Inf,True
23503_79,1,1000,0,1.8201,0.50374,-Inf,True
23511_47,0.77879,0.54661,0.026227,-1.407,0.063522,-1.58125138375043,True
23534_40,0.67523,0.31788,0.045688,-1.1744,0.077701,-1.34019785284328,True
23580_77,0.99995,4.301,2.7414e-06,1.2228,0.37353,-5.56202759156065,True
23593_76,0.75624,0.49169,0.031317,-1.1777,0.071667,-1.50421984769482,True
23613_42,0.86479,0.80591,0.013493,-1.6608,0.050709,-1.86989147963906,True
23615_58,1,1000,0,1.5747,0.44949,-Inf,True
23645_49,1,1000,0,-2.5008,0.018938,-Inf,True
23650_52,1,1000,0,2.6998,0.69087,-Inf,True
23685_83,1,1000,0,1.5169,0.43634,-Inf,True
23694_52,1,1000,0,1.1556,0.35877,-Inf,True
23727_36,1,1000,0,1.6742,0.47124,-Inf,True
23792_68,1,1000,0,1.3987,0.4104,-Inf,True
23824_86,0.95955,1.3751,0.0040756,-2.0107,0.034702,-2.38980844643137,True
23883_54,0.97995,1.6891,0.0014737,-1.8227,0.036291,-2.83159091648037,True
23886_81,0.98245,1.748,0.0012833,-2.2125,0.028696,-2.89167180573382,True
23944_64,1,1000,0,2.0468,0.55417,-Inf,True
23964_61,0.75539,0.48969,0.032032,-1.3789,0.066097,-1.49441594420078,True
23986_50,0.71139,0.39179,0.038962,-1.2589,0.07193,-1.40935875798772,True
23992_46,0.99495,2.2945,0.00032946,1.3926,0.41074,-3.48219730590698,True
24025_40,0.99945,3.2594,2.8361e-05,-2.4164,0.020938,-4.54727846013124,True
24029_90,0.98565,1.8368,0.0010267,-1.8566,0.034923,-2.98855643797793,True
24083_62,1,1000,0,1.8067,0.50081,-Inf,True
24135_88,1,1000,0,1.6476,0.46548,-Inf,True
24194_44,0.96865,1.4899,0.0028045,-1.4973,0.047171,-2.55214455565446,True
24265_91,0.90445,0.97613,0.0089901,-1.5111,0.05099,-2.04623547743177,True
24274_62,0.97065,1.5194,0.0024758,1.0729,0.34472,-2.60628444139853,True
24292_65,0.99655,2.4607,0.00016758,-2.2096,0.025763,-3.77577781391535,True
24307_70,0.94465,1.2321,0.0054028,-1.6532,0.043751,-2.26738110880802,True
24372_49,0.9995,3.3008,2.6291e-05,-2.2754,0.023626,-4.5801928948285,True
24402_81,1,1000,0,1.5542,0.44503,-Inf,True
24451_47,1,1000,0,3.4253,0.81122,-Inf,True
24467_66,1,1000,0,1.581,0.45063,-Inf,True
24478_46,1,1000,0,1.8234,0.50454,-Inf,True
24504_88,0.9888,1.9459,0.00077827,-2.173,0.0275,-3.10886970999266,True
24517_50,0.9391,1.1881,0.0058442,-1.8954,0.039327,-2.23327493007345,True
24606_84,0.72989,0.43171,0.035495,-1.331,0.069335,-1.44983281948982,True
24634_83,0.96245,1.4087,0.0036747,-2.0599,0.033178,-2.43477811063768,True
24643_67,1,1000,0,2.7893,0.70702,-Inf,True
24673_38,1,1000,0,1.2402,0.37649,-Inf,True
24680_34,1,1000,0,1.5642,0.44687,-Inf,True
24734_83,0.9952,2.3166,0.00028894,-2.2548,0.025047,-3.53919233154877,True
24751_43,1,1000,0,2.1877,0.58513,-Inf,True
24808_90,0.71724,0.40424,0.037613,-1.087,0.07699,-1.42466202601696,True
24825_58,0.76939,0.52326,0.02873,-1.1859,0.070371,-1.54166437400805,True
24841_28,0.98105,1.7141,0.0014159,-1.8666,0.035555,-2.84896741824356,True
24868_45,0.82999,0.6886,0.018081,-1.4028,0.059506,-1.74277755381243,True
24874_53,0.9955,2.3448,0.00026538,-2.1689,0.026762,-3.57613181024675,True
24886_35,0.9851,1.8203,0.0011137,1.1107,0.35211,-2.95323178033916,True
24910_64,1,1000,0,-2.7691,0.014661,-Inf,True
24935_75,1,1000,0,1.4473,0.4218,-Inf,True
24980_70,0.9885,1.9343,0.00081293,-2.1867,0.026996,-3.08994684914464,True
24985_69,1,1000,0,2.3366,0.61674,-Inf,True
24989_57,0.73114,0.43447,0.035236,-1.312,0.06989,-1.45301339868582,True
25009_49,1,1000,0,3.2485,0.78546,-Inf,True
25028_90,1,1000,0,2.2396,0.59607,-Inf,True
25087_60,0.9966,2.467,0.00016162,-1.7749,0.036059,-3.79150489757016,True
25091_59,0.905,0.9789,0.0088771,0.78099,0.28679,-2.05172888779081,True
25129_40,0.89174,0.91579,0.010888,-1.4871,0.052411,-1.96305188780472,True
25139_50,0.96855,1.4885,0.0028466,-1.6098,0.04342,-2.54567355498071,True
25161_65,0.88534,0.88772,0.011534,-1.5365,0.051547,-1.93802005292512,True
25164_31,0.89849,0.94703,0.009918,-1.9196,0.041366,-2.00357589604491,True
25170_36,1,1000,0,1.9385,0.52999,-Inf,True
25199_64,0.79779,0.59609,0.024025,-1.2505,0.066681,-1.61933660365942,True
25225_45,1,1000,0,2.2641,0.60132,-Inf,True
25241_70,1,1000,0,2.0649,0.55758,-Inf,True
25250_29,1,1000,0,1.8525,0.51094,-Inf,True
25286_45,0.77644,0.54071,0.026903,-1.4061,0.063808,-1.57019928836935,True
25293_70,0.9998,3.6989,8.8731e-06,1.059,0.33926,-5.05192462394669,True
25296_85,0.99875,2.9025,6.0289e-05,-1.9625,0.030675,-4.2197619196192,True
25334_51,1,1000,0,1.5609,0.44643,-Inf,True
25396_56,0.80804,0.62422,0.021557,-1.5001,0.059009,-1.66641167827658,True
25411_39,0.88009,0.86569,0.0122,-1.8448,0.044862,-1.91364016932525,True
25416_62,1,1000,0,2.3403,0.61737,-Inf,True
25444_50,0.99995,4.301,2.7414e-06,1.1539,0.3589,-5.56202759156065,True
25450_62,0.91245,1.0179,0.0081127,-1.8658,0.041466,-2.09083458352585,True
25483_34,1,1000,0,1.3872,0.40843,-Inf,True
25561_29,0.77784,0.54422,0.026452,0.90691,0.31783,-1.57754148596806,True
25567_73,0.99025,2.0067,0.00071132,-2.1735,0.027354,-3.14793498018514,True
25638_76,1,1000,0,2.0354,0.5511,-Inf,True
